{
  "entity_type_error_rate": {
    "MEDICINE": 0.07317073170731703,
    "PROBLEM": 0.19999999999999996,
    "PROCEDURE": 0.14871794871794874,
    "TEST": 0.09999999999999998,
    "VITAL_NAME": 0.0,
    "IMMUNIZATION": 0.0,
    "MEDICAL_DEVICE": 0.8888888888888888,
    "MENTAL_STATUS": 0.0,
    "SDOH": 0.33333333333333337,
    "SOCIAL_HISTORY": 0.0
  },
  "assertion_error_rate": {
    "POSITIVE": 0.596938775510204,
    "NEGATIVE": 0.0337078651685393,
    "UNCERTAIN": 1.0
  },
  "temporality_error_rate": {
    "CURRENT": 0.12745098039215685,
    "CLINICAL_HISTORY": 0.038461538461538436,
    "UPCOMING": 0.23684210526315785,
    "UNCERTAIN": 0.2857142857142857
  },
  "subject_error_rate": {
    "PATIENT": 0.0,
    "FAMILY_MEMBER": 0.0
  },
  "event_date_accuracy": 0.0,
  "attribute_completeness": 0.0,
  "file_name": "019W06677_J608-122479_20241212.json"
}