{
  "entity_type_error_rate": {
    "MEDICINE": 0.0,
    "PROBLEM": 0.02564102564102566,
    "PROCEDURE": 0.06818181818181823,
    "TEST": 0.30434782608695654,
    "VITAL_NAME": 0.0,
    "IMMUNIZATION": 0.0,
    "MEDICAL_DEVICE": 0.4285714285714286,
    "MENTAL_STATUS": 0.0,
    "SDOH": 0.0,
    "SOCIAL_HISTORY": 0.0
  },
  "assertion_error_rate": {
    "POSITIVE": 0.35,
    "NEGATIVE": 0.18181818181818177,
    "UNCERTAIN": 1.0
  },
  "temporality_error_rate": {
    "CURRENT": 0.15306122448979587,
    "CLINICAL_HISTORY": 0.0,
    "UPCOMING": 0.0,
    "UNCERTAIN": 0.0
  },
  "subject_error_rate": {
    "PATIENT": 0.0,
    "FAMILY_MEMBER": 0.0
  },
  "event_date_accuracy": 0.0,
  "attribute_completeness": 0.0,
  "file_name": "105W05861_J614-495637_20241217.json"
}