{
  "entity_type_error_rate": {
    "MEDICINE": 0.024390243902439046,
    "PROBLEM": 0.1885245901639344,
    "PROCEDURE": 0.34172661870503596,
    "TEST": 0.0,
    "VITAL_NAME": 0.006451612903225823,
    "IMMUNIZATION": 0.0,
    "MEDICAL_DEVICE": 0.375,
    "MENTAL_STATUS": 0.0,
    "SDOH": 0.11111111111111116,
    "SOCIAL_HISTORY": 0.0
  },
  "assertion_error_rate": {
    "POSITIVE": 0.3906447534766119,
    "NEGATIVE": 0.22535211267605637,
    "UNCERTAIN": 1.0
  },
  "temporality_error_rate": {
    "CURRENT": 0.04599211563731931,
    "CLINICAL_HISTORY": 0.02564102564102566,
    "UPCOMING": 0.03947368421052633,
    "UNCERTAIN": 0.0
  },
  "subject_error_rate": {
    "PATIENT": 0.0,
    "FAMILY_MEMBER": 0.0
  },
  "event_date_accuracy": 0.0,
  "attribute_completeness": 0.0,
  "file_name": "161W10351_N993-588097_20241126.json"
}