{
  "entity_type_error_rate": {
    "MEDICINE": 0.33333333333333337,
    "PROBLEM": 0.0625,
    "PROCEDURE": 0.10447761194029848,
    "TEST": 0.0,
    "VITAL_NAME": 0.19999999999999996,
    "IMMUNIZATION": 0.0,
    "MEDICAL_DEVICE": 0.0,
    "MENTAL_STATUS": 0.6666666666666667,
    "SDOH": 0.0,
    "SOCIAL_HISTORY": 0.0
  },
  "assertion_error_rate": {
    "POSITIVE": 0.26696832579185525,
    "NEGATIVE": 0.28260869565217395,
    "UNCERTAIN": 1.0
  },
  "temporality_error_rate": {
    "CURRENT": 0.23913043478260865,
    "CLINICAL_HISTORY": 0.0,
    "UPCOMING": 0.05714285714285716,
    "UNCERTAIN": 0.125
  },
  "subject_error_rate": {
    "PATIENT": 0.0,
    "FAMILY_MEMBER": 0.0
  },
  "event_date_accuracy": 0.0,
  "attribute_completeness": 0.0,
  "file_name": "218M89247_J736-108989_20241211.json"
}