{
  "entity_type_error_rate": {
    "MEDICINE": 0.020000000000000018,
    "PROBLEM": 0.09216589861751157,
    "PROCEDURE": 0.08713692946058094,
    "TEST": 0.0,
    "VITAL_NAME": 0.0,
    "IMMUNIZATION": 0.0,
    "MEDICAL_DEVICE": 0.2272727272727273,
    "MENTAL_STATUS": 0.06666666666666665,
    "SDOH": 0.11764705882352944,
    "SOCIAL_HISTORY": 0.038461538461538436
  },
  "assertion_error_rate": {
    "POSITIVE": 0.6433333333333333,
    "NEGATIVE": 0.15873015873015872,
    "UNCERTAIN": 1.0
  },
  "temporality_error_rate": {
    "CURRENT": 0.296037296037296,
    "CLINICAL_HISTORY": 0.018404907975460127,
    "UPCOMING": 0.11842105263157898,
    "UNCERTAIN": 0.33333333333333337
  },
  "subject_error_rate": {
    "PATIENT": 0.0,
    "FAMILY_MEMBER": 0.0
  },
  "event_date_accuracy": 0.0,
  "attribute_completeness": 0.0,
  "file_name": "241W15237_N991-674329_20241216.json"
}