{
  "entity_type_error_rate": {
    "MEDICINE": 0.043010752688172005,
    "PROBLEM": 0.2857142857142857,
    "PROCEDURE": 0.21220930232558144,
    "TEST": 0.0,
    "VITAL_NAME": 0.11111111111111116,
    "IMMUNIZATION": 0.5,
    "MEDICAL_DEVICE": 0.09523809523809523,
    "MENTAL_STATUS": 0.8333333333333334,
    "SDOH": 0.4375,
    "SOCIAL_HISTORY": 0.08333333333333337
  },
  "assertion_error_rate": {
    "POSITIVE": 0.40197461212976027,
    "NEGATIVE": 0.1711711711711712,
    "UNCERTAIN": 0.9090909090909091
  },
  "temporality_error_rate": {
    "CURRENT": 0.09322033898305082,
    "CLINICAL_HISTORY": 0.011363636363636354,
    "UPCOMING": 0.02941176470588236,
    "UNCERTAIN": 0.25
  },
  "subject_error_rate": {
    "PATIENT": 0.0,
    "FAMILY_MEMBER": 0.0
  },
  "event_date_accuracy": 0.0,
  "attribute_completeness": 0.0,
  "file_name": "279W08692_N993-538576_20241223.json"
}