{
  "entity_type_error_rate": {
    "MEDICINE": 0.0,
    "PROBLEM": 0.009389671361502372,
    "PROCEDURE": 0.3559870550161812,
    "TEST": 0.0,
    "VITAL_NAME": 0.0,
    "IMMUNIZATION": 0.0,
    "MEDICAL_DEVICE": 0.19999999999999996,
    "MENTAL_STATUS": 0.0,
    "SDOH": 0.5,
    "SOCIAL_HISTORY": 0.0
  },
  "assertion_error_rate": {
    "POSITIVE": 0.5533230293663061,
    "NEGATIVE": 0.11494252873563215,
    "UNCERTAIN": 1.0
  },
  "temporality_error_rate": {
    "CURRENT": 0.3099850968703428,
    "CLINICAL_HISTORY": 0.02777777777777779,
    "UPCOMING": 0.11538461538461542,
    "UNCERTAIN": 0.7142857142857143
  },
  "subject_error_rate": {
    "PATIENT": 0.0,
    "FAMILY_MEMBER": 0.0
  },
  "event_date_accuracy": 0.0,
  "attribute_completeness": 0.0,
  "file_name": "371W13971_J722-244055_20241128.json"
}