{
  "entity_type_error_rate": {
    "MEDICINE": 0.09890109890109888,
    "PROBLEM": 0.018018018018018056,
    "PROCEDURE": 0.4183006535947712,
    "TEST": 0.1123595505617978,
    "VITAL_NAME": 0.26190476190476186,
    "IMMUNIZATION": 0.0,
    "MEDICAL_DEVICE": 0.5714285714285714,
    "MENTAL_STATUS": 0.375,
    "SDOH": 0.2666666666666667,
    "SOCIAL_HISTORY": 0.0
  },
  "assertion_error_rate": {
    "POSITIVE": 0.6361867704280155,
    "NEGATIVE": 0.04629629629629628,
    "UNCERTAIN": 1.0
  },
  "temporality_error_rate": {
    "CURRENT": 0.7338935574229692,
    "CLINICAL_HISTORY": 0.053333333333333344,
    "UPCOMING": 0.1048951048951049,
    "UNCERTAIN": 0.75
  },
  "subject_error_rate": {
    "PATIENT": 0.0,
    "FAMILY_MEMBER": 0.0
  },
  "event_date_accuracy": 0.0,
  "attribute_completeness": 0.0,
  "file_name": "400W00699_J619-210780_20241212.json"
}