{
  "entity_type_error_rate": {
    "MEDICINE": 0.04166666666666663,
    "PROBLEM": 0.09859154929577463,
    "PROCEDURE": 0.12727272727272732,
    "TEST": 0.09090909090909094,
    "VITAL_NAME": 0.02083333333333337,
    "IMMUNIZATION": 0.0,
    "MEDICAL_DEVICE": 0.41666666666666663,
    "MENTAL_STATUS": 0.8333333333333334,
    "SDOH": 1.0,
    "SOCIAL_HISTORY": 0.0
  },
  "assertion_error_rate": {
    "POSITIVE": 0.38996138996138996,
    "NEGATIVE": 0.25,
    "UNCERTAIN": 1.0
  },
  "temporality_error_rate": {
    "CURRENT": 0.06437768240343344,
    "CLINICAL_HISTORY": 0.0,
    "UPCOMING": 0.0,
    "UNCERTAIN": 0.0
  },
  "subject_error_rate": {
    "PATIENT": 0.0,
    "FAMILY_MEMBER": 0.0
  },
  "event_date_accuracy": 0.0,
  "attribute_completeness": 0.0,
  "file_name": "410M88588_J736-100205_20241217.json"
}