{
  "entity_type_error_rate": {
    "MEDICINE": 0.0117647058823529,
    "PROBLEM": 0.1830357142857143,
    "PROCEDURE": 0.3003533568904594,
    "TEST": 0.0,
    "VITAL_NAME": 0.375,
    "IMMUNIZATION": 0.0,
    "MEDICAL_DEVICE": 0.1428571428571429,
    "MENTAL_STATUS": 0.15384615384615385,
    "SDOH": 0.33333333333333337,
    "SOCIAL_HISTORY": 1.0
  },
  "assertion_error_rate": {
    "POSITIVE": 0.4532374100719424,
    "NEGATIVE": 0.04395604395604391,
    "UNCERTAIN": 1.0
  },
  "temporality_error_rate": {
    "CURRENT": 0.4490566037735849,
    "CLINICAL_HISTORY": 0.12,
    "UPCOMING": 0.10526315789473684,
    "UNCERTAIN": 0.0
  },
  "subject_error_rate": {
    "PATIENT": 0.0,
    "FAMILY_MEMBER": 0.0
  },
  "event_date_accuracy": 0.0,
  "attribute_completeness": 0.0,
  "file_name": "415M99841_J619-212434_20241205.json"
}