{
  "entity_type_error_rate": {
    "MEDICINE": 0.0,
    "PROBLEM": 0.0,
    "PROCEDURE": 0.0,
    "TEST": 0.0,
    "VITAL_NAME": 0.0,
    "IMMUNIZATION": 0.0,
    "MEDICAL_DEVICE": 0.0,
    "MENTAL_STATUS": 0.0,
    "SDOH": 0.0,
    "SOCIAL_HISTORY": 0.0
  },
  "assertion_error_rate": {
    "POSITIVE": 0.6622222222222223,
    "NEGATIVE": 0.048192771084337394,
    "UNCERTAIN": 1.0
  },
  "temporality_error_rate": {
    "CURRENT": 0.3538812785388128,
    "CLINICAL_HISTORY": 0.3125,
    "UPCOMING": 0.2558139534883721,
    "UNCERTAIN": 0.33333333333333337
  },
  "subject_error_rate": {
    "PATIENT": 0.09890109890109888,
    "FAMILY_MEMBER": 0.0
  },
  "event_date_accuracy": 0.0,
  "attribute_completeness": 0.0,
  "file_name": "463W14981_N991-678203_20241205.json"
}