{
  "entity_type_error_rate": {
    "MEDICINE": 0.05660377358490565,
    "PROBLEM": 0.03314917127071826,
    "PROCEDURE": 0.09502262443438914,
    "TEST": 0.0,
    "VITAL_NAME": 0.040000000000000036,
    "IMMUNIZATION": 0.16666666666666663,
    "MEDICAL_DEVICE": 0.09999999999999998,
    "MENTAL_STATUS": 0.0,
    "SDOH": 0.6666666666666667,
    "SOCIAL_HISTORY": 0.0
  },
  "assertion_error_rate": {
    "POSITIVE": 0.6565464895635673,
    "NEGATIVE": 0.1470588235294118,
    "UNCERTAIN": 1.0
  },
  "temporality_error_rate": {
    "CURRENT": 0.3941798941798942,
    "CLINICAL_HISTORY": 0.02614379084967322,
    "UPCOMING": 0.2465753424657534,
    "UNCERTAIN": 0.375
  },
  "subject_error_rate": {
    "PATIENT": 0.06164383561643838,
    "FAMILY_MEMBER": 0.0
  },
  "event_date_accuracy": 0.0,
  "attribute_completeness": 0.0,
  "file_name": "630M74464_N991-796490_20241218.json"
}