{
  "entity_type_error_rate": {
    "MEDICINE": 0.06666666666666665,
    "PROBLEM": 0.31666666666666665,
    "PROCEDURE": 0.2586206896551724,
    "TEST": 0.0,
    "VITAL_NAME": 0.0,
    "IMMUNIZATION": 0.0,
    "MEDICAL_DEVICE": 0.33333333333333337,
    "MENTAL_STATUS": 0.0,
    "SDOH": 0.0,
    "SOCIAL_HISTORY": 0.25
  },
  "assertion_error_rate": {
    "POSITIVE": 0.5947368421052632,
    "NEGATIVE": 0.23333333333333328,
    "UNCERTAIN": 1.0
  },
  "temporality_error_rate": {
    "CURRENT": 0.34065934065934067,
    "CLINICAL_HISTORY": 0.0,
    "UPCOMING": 0.21739130434782605,
    "UNCERTAIN": 0.0
  },
  "subject_error_rate": {
    "PATIENT": 0.24122807017543857,
    "FAMILY_MEMBER": 0.0
  },
  "event_date_accuracy": 0.0,
  "attribute_completeness": 0.0,
  "file_name": "944W15109_J721-114759_20241205.json"
}